{
  "0.20000000,-2.00000000": 0.437273,
  "0.76000000,0.70000000": 0.24792,
  "2.00000000,-4.00000000": 0.619384
}