{
  "-0.00312500,-2.10937500": 0.473322,
  "-0.00312500,-2.12500000": 0.473777,
  "-0.00312500,-2.14062500": 0.4738,
  "-0.00312500,-2.15625000": 0.473391,
  "-0.01875000,-2.12500000": 0.473584,
  "-0.01875000,-2.14062500": 0.473609,
  "-0.01875000,-2.15625000": 0.473203,
  "-0.05000000,-1.75000000": 0.352121,
  "-0.05000000,-1.87500000": 0.415141,
  "-0.05000000,-2.00000000": 0.456732,
  "-0.05000000,-2.12500000": 0.472377,
  "-0.05000000,-2.25000000": 0.460923,
  "-0.05000000,-2.50000000": 0.369206,
  "-0.17500000,-2.00000000": 0.441993,
  "-0.17500000,-2.12500000": 0.457062,
  "-0.17500000,-2.25000000": 0.448049,
  "-0.30000000,-2.00000000": 0.413678,
  "-0.30000000,-2.25000000": 0.42346,
  "-0.30000000,-2.50000000": 0.368247,
  "-0.80000000,-2.00000000": 0.298823,
  "0.01250000,-2.06250000": 0.469277,
  "0.01250000,-2.09375000": 0.472351,
  "0.01250000,-2.12500000": 0.473694,
  "0.01250000,-2.14062500": 0.473718,
  "0.01250000,-2.15625000": 0.473311,
  "0.01250000,-2.18750000": 0.471216,
  "0.02812500,-2.12500000": 0.473337,
  "0.04375000,-2.12500000": 0.472706,
  "0.07500000,-2.00000000": 0.455051,
  "0.07500000,-2.12500000": 0.470631,
  "0.07500000,-2.25000000": 0.459452,
  "0.13750000,-2.12500000": 0.463334,
  "0.20000000,-1.00000000": 0.022253,
  "0.20000000,-1.50000000": 0.205976,
  "0.20000000,-2.00000000": 0.437273,
  "0.20000000,-2.25000000": 0.443936,
  "0.20000000,-2.50000000": 0.368463,
  "0.20000000,-3.00000000": 0.158579,
  "0.45000000,-2.00000000": 0.369803,
  "0.70000000,-2.00000000": 0.307694,
  "0.76000000,0.70000000": 0.24792,
  "1.00000000,-2.00000000": 0.326012,
  "1.00000000,-4.00000000": 0.121775,
  "1.20000000,-2.00000000": 0.420483,
  "1.50000000,-2.00000000": 0.660215,
  "2.00000000,-1.00000000": 0.326012,
  "2.00000000,-1.50000000": 0.660215,
  "2.00000000,-2.00000000": 1.030927,
  "2.00000000,-2.25000000": 1.068175,
  "2.00000000,-2.50000000": 0.990467,
  "2.00000000,-3.00000000": 0.705477,
  "2.00000000,-4.00000000": 0.619384,
  "2.12500000,-2.12500000": 1.100708,
  "2.12500000,-2.18750000": 1.106209,
  "2.12500000,-2.25000000": 1.103653,
  "2.15625000,-2.18750000": 1.110139,
  "2.18750000,-2.06250000": 1.092349,
  "2.18750000,-2.12500000": 1.106209,
  "2.18750000,-2.15625000": 1.110139,
  "2.18750000,-2.18750000": 1.112074,
  "2.18750000,-2.20312500": 1.1123,
  "2.18750000,-2.21875000": 1.112037,
  "2.18750000,-2.25000000": 1.110064,
  "2.20312500,-2.17187500": 1.111543,
  "2.20312500,-2.18750000": 1.1123,
  "2.20312500,-2.20312500": 1.112569,
  "2.20312500,-2.21875000": 1.112353,
  "2.21875000,-2.18750000": 1.112037,
  "2.21875000,-2.20312500": 1.112353,
  "2.21875000,-2.21875000": 1.112191,
  "2.23437500,-2.21875000": 1.111555,
  "2.25000000,-1.75000000": 0.916668,
  "2.25000000,-2.00000000": 1.068175,
  "2.25000000,-2.12500000": 1.103653,
  "2.25000000,-2.18750000": 1.110064,
  "2.25000000,-2.25000000": 1.108994,
  "2.25000000,-2.37500000": 1.085837,
  "2.25000000,-2.50000000": 1.038836,
  "2.31250000,-2.25000000": 1.100751,
  "2.37500000,-2.25000000": 1.085837,
  "2.50000000,-2.00000000": 0.990467,
  "2.50000000,-2.25000000": 1.038836,
  "2.50000000,-2.50000000": 1.022735,
  "2.75000000,-2.50000000": 0.958156,
  "3.00000000,-1.00000000": 0.658308,
  "3.00000000,-2.00000000": 0.705477,
  "3.00000000,-4.00000000": 0.334033,
  "3.00000000,0.00000000": 0.12058
}